<?xml version="1.0" encoding="UTF-8"?>
<beans xmlns="http://www.springframework.org/schema/beans"
xmlns:xsi="http://www.w3.org/2001/XMLSchema-instance"
xmlns:security="http://www.springframework.org/schema/security"
xmlns:webflow-config="http://www.springframework.org/schema/webflow-config"
xsi:schemaLocation="http://www.springframework.org/schema/beans 
http://www.springframework.org/schema/beans/spring-beans.xsd 
http://www.springframework.org/schema/security 
http://www.springframework.org/schema/security/spring-security.xsd" >

<security:http auto-config="true">
<security:csrf disabled="true"/>
<security:intercept-url pattern="/index*/**" access="permitAll"/>
<security:intercept-url pattern="/home" access="permitAll"/>
<security:intercept-url pattern="/Login" access="permitAll"/>
<security:intercept-url pattern="/all/reg*" access="permitAll"/>
<security:intercept-url pattern="/all/**" access="hasAnyRole('ROLE_ADMIN','ROLE_USER')"/>
<security:intercept-url pattern="/admin/**" access="hasRole('ROLE_ADMIN')"/>


<security:form-login login-page="/Login" 
authentication-failure-url="/Login?error" 
login-processing-url="/j_spring_security_check" 
default-target-url="/home" 
username-parameter="j_username" 
password-parameter="j_password"/>
<security:logout logout-success-url="/Login?logout" 
logout-url="/j_spring_security_logout"/>
</security:http>
<security:authentication-manager>
<security:authentication-provider>

<security:jdbc-user-service
data-source-ref="dataSource" 
authorities-by-username-query="SELECT username, role FROM authorities WHERE username = ?"
users-by-username-query="SELECT username, password, enabled FROM usertable WHERE username = ?" />

</security:authentication-provider>
</security:authentication-manager>

</beans>

















